{
  "timestamp": "2026-04-03T00:10:23.046Z",
  "story": "1.6",
  "sampleSize": 10,
  "warmupRuns": 2,
  "workloadIterations": 18000000,
  "thresholdPercent": 5,
  "baselineByAgent": {
    "dev": {
      "duration": {
        "average": 498.8821393,
        "median": 501.5803985,
        "p95": 535.842838,
        "p99": 535.842838,
        "min": 452.976763,
        "max": 535.842838,
        "stdDev": 26.26270422144981
      },
      "memoryDelta": {
        "average": 5408.8,
        "median": 5464,
        "p95": 5496,
        "p99": 5496,
        "min": 5200,
        "max": 5496,
        "stdDev": 116.57024587012855
      },
      "cpuUserMicros": {
        "average": 498980.6,
        "median": 502086.5,
        "p95": 536235,
        "p99": 536235,
        "min": 453354,
        "max": 536235,
        "stdDev": 25940.85807370296
      },
      "cpuSystemMicros": {
        "average": 365.3,
        "median": 0,
        "p95": 3644,
        "p99": 3644,
        "min": 0,
        "max": 3644,
        "stdDev": 1152.0192947844039
      },
      "asyncSendMs": {
        "average": 50.326325,
        "median": 50.376184499999994,
        "p95": 50.620885,
        "p99": 50.620885,
        "min": 49.474386,
        "max": 50.620885,
        "stdDev": 0.31489719923986403
      }
    },
    "qa": {
      "duration": {
        "average": 679.2282575,
        "median": 676.3573974999999,
        "p95": 736.545881,
        "p99": 736.545881,
        "min": 636.99871,
        "max": 736.545881,
        "stdDev": 30.21405771085506
      },
      "memoryDelta": {
        "average": 407971.2,
        "median": 407812,
        "p95": 408704,
        "p99": 408704,
        "min": 407688,
        "max": 408704,
        "stdDev": 365.48318094757184
      },
      "cpuUserMicros": {
        "average": 679410.5,
        "median": 676893.5,
        "p95": 737133,
        "p99": 737133,
        "min": 637584,
        "max": 737133,
        "stdDev": 30121.733457754384
      },
      "cpuSystemMicros": {
        "average": 400.8,
        "median": 1,
        "p95": 3993,
        "p99": 3993,
        "min": 0,
        "max": 3993,
        "stdDev": 1262.172007999614
      },
      "asyncSendMs": {
        "average": 50.48921489999999,
        "median": 50.453684499999994,
        "p95": 50.679285,
        "p99": 50.679285,
        "min": 50.376985,
        "max": 50.679285,
        "stdDev": 0.1000400921080585
      }
    },
    "architect": {
      "duration": {
        "average": 661.0389451000001,
        "median": 656.8313565000001,
        "p95": 728.952984,
        "p99": 728.952984,
        "min": 627.488314,
        "max": 728.952984,
        "stdDev": 29.656647219180744
      },
      "memoryDelta": {
        "average": 428632.8,
        "median": 423104,
        "p95": 1467784,
        "p99": 1467784,
        "min": -593160,
        "max": 1467784,
        "stdDev": 964695.4714442618
      },
      "cpuUserMicros": {
        "average": 659469.7,
        "median": 653954.5,
        "p95": 729600,
        "p99": 729600,
        "min": 624301,
        "max": 729600,
        "stdDev": 30436.96458091707
      },
      "cpuSystemMicros": {
        "average": 1983.1,
        "median": 5,
        "p95": 8005,
        "p99": 8005,
        "min": 0,
        "max": 8005,
        "stdDev": 2813.98793529752
      },
      "asyncSendMs": {
        "average": 50.4507651,
        "median": 50.464735000000005,
        "p95": 50.564085,
        "p99": 50.564085,
        "min": 50.327185,
        "max": 50.564085,
        "stdDev": 0.0736012667772173
      }
    }
  },
  "instrumentedByAgent": {
    "dev": {
      "duration": {
        "average": 485.2173236,
        "median": 484.9338535,
        "p95": 509.126846,
        "p99": 509.126846,
        "min": 465.60516,
        "max": 509.126846,
        "stdDev": 12.742258734287438
      },
      "memoryDelta": {
        "average": 138093.6,
        "median": 80872,
        "p95": 347264,
        "p99": 347264,
        "min": 80632,
        "max": 347264,
        "stdDev": 106070.10451918632
      },
      "cpuUserMicros": {
        "average": 489025.1,
        "median": 490332.5,
        "p95": 512228,
        "p99": 512228,
        "min": 468309,
        "max": 512228,
        "stdDev": 12873.806882797162
      },
      "cpuSystemMicros": {
        "average": 0.4,
        "median": 0,
        "p95": 3,
        "p99": 3,
        "min": 0,
        "max": 3,
        "stdDev": 0.9660917830792959
      },
      "asyncSendMs": {
        "average": 53.5730038,
        "median": 53.398634,
        "p95": 54.967383,
        "p99": 54.967383,
        "min": 52.745284,
        "max": 54.967383,
        "stdDev": 0.7621800173975812
      }
    },
    "qa": {
      "duration": {
        "average": 669.0370006,
        "median": 666.610952,
        "p95": 698.568491,
        "p99": 698.568491,
        "min": 625.509813,
        "max": 698.568491,
        "stdDev": 24.42325529017667
      },
      "memoryDelta": {
        "average": -409028.8,
        "median": -403908,
        "p95": -403776,
        "p99": -403776,
        "min": -454008,
        "max": -403776,
        "stdDev": 15808.17462791535
      },
      "cpuUserMicros": {
        "average": 671023.3,
        "median": 670323.5,
        "p95": 699462,
        "p99": 699462,
        "min": 628170,
        "max": 699462,
        "stdDev": 24253.20285859169
      },
      "cpuSystemMicros": {
        "average": 1197.9,
        "median": 0.5,
        "p95": 3994,
        "p99": 3994,
        "min": 0,
        "max": 3994,
        "stdDev": 1927.4232338078273
      },
      "asyncSendMs": {
        "average": 52.90957440000001,
        "median": 52.674885,
        "p95": 54.292384,
        "p99": 54.292384,
        "min": 52.372184,
        "max": 54.292384,
        "stdDev": 0.5842956323721364
      }
    },
    "architect": {
      "duration": {
        "average": 671.8547224,
        "median": 668.166506,
        "p95": 710.599291,
        "p99": 710.599291,
        "min": 631.024615,
        "max": 710.599291,
        "stdDev": 29.241584374083292
      },
      "memoryDelta": {
        "average": -424642.4,
        "median": -418924,
        "p95": -285496,
        "p99": -285496,
        "min": -552120,
        "max": -285496,
        "stdDev": 113158.95598591487
      },
      "cpuUserMicros": {
        "average": 674354.5,
        "median": 671954,
        "p95": 712084,
        "p99": 712084,
        "min": 633846,
        "max": 712084,
        "stdDev": 28473.986491571955
      },
      "cpuSystemMicros": {
        "average": 802.5,
        "median": 3.5,
        "p95": 4005,
        "p99": 4005,
        "min": 0,
        "max": 4005,
        "stdDev": 1687.3397372458485
      },
      "asyncSendMs": {
        "average": 52.9534047,
        "median": 52.7826845,
        "p95": 55.014884,
        "p99": 55.014884,
        "min": 52.474385,
        "max": 55.014884,
        "stdDev": 0.7443740414549749
      }
    }
  },
  "overheadByAgent": {
    "dev": {
      "overheadPercent": -2.739086975367294,
      "confidenceInterval95": 5.0344774411415525,
      "p95": 12.39579766258341,
      "p99": 12.39579766258341
    },
    "qa": {
      "overheadPercent": -1.500417096531056,
      "confidenceInterval95": 3.910705719115282,
      "p95": 9.126028214405654,
      "p99": 9.126028214405654
    },
    "architect": {
      "overheadPercent": 1.6361785308070982,
      "confidenceInterval95": 3.456627479136194,
      "p95": 10.036817138623311,
      "p99": 10.036817138623311
    }
  },
  "combined": {
    "baseline": {
      "average": 613.0497806333335,
      "median": 650.9425585,
      "p95": 728.952984,
      "p99": 736.545881,
      "min": 452.976763,
      "max": 736.545881,
      "stdDev": 87.00123485214095
    },
    "instrumented": {
      "average": 608.7030155333333,
      "median": 650.9658569999999,
      "p95": 709.25249,
      "p99": 710.599291,
      "min": 465.60516,